{
  "expert_counts": {
    "5": 982127,
    "1": 1092751,
    "3": 976529,
    "4": 850690,
    "7": 1109425,
    "0": 972708,
    "2": 965002,
    "6": 903248
  },
  "expert_percentages": {
    "5": 12.507220648763193,
    "1": 13.915998512571825,
    "3": 12.435931068910714,
    "4": 10.83339276254126,
    "7": 14.128339072496843,
    "0": 12.387271282448348,
    "2": 12.289136680386324,
    "6": 11.502709971881494
  },
  "top_experts": [
    7,
    1,
    5
  ],
  "total_activations": 7852480,
  "products_analyzed": 500
}