{
  "completed_at": "2025-12-06T08:06:28.814056",
  "duration_seconds": 293.135979,
  "data_imported": {
    "products": 23141,
    "features": 43956,
    "embeddings": 23138,
    "graph_relationships": 353407,
    "etim": 1218,
    "eclass": 3,
    "attributes": 147
  }
}